Model,accuracy_mean,accuracy_std,precision_mean,precision_std,recall_mean,recall_std,f1_mean,f1_std,roc_auc_mean,roc_auc_std
Logistic Regression,0.5325,0.01785357107135713,0.20389310235287467,0.024445281506355828,0.4481060606060606,0.06686008443552427,0.28011520246152927,0.035903360526622095,0.49999542127102725,0.0490395173290895
Decision Tree,0.5349999999999999,0.07187228255732526,0.23053959150236128,0.028039763728426908,0.5392045454545454,0.10581614142050336,0.31996602760097176,0.038695527810900104,0.5495543428720026,0.05164404097763951
Random Forest,0.795,0.0046770717334674574,0.0,0.0,0.0,0.0,0.0,0.0,0.5908803253064603,0.01974089325504337
Gradient Boosting,0.79125,0.017047727121232308,0.5199999999999999,0.2481934729198171,0.09204545454545454,0.019215786262592106,0.15203357230285014,0.02796815389884508,0.542733021187515,0.028864078251391485
XGBoost,0.7,0.018957188610128895,0.27087557603686635,0.03477959966765839,0.2818181818181818,0.05697453235443383,0.2752076905095839,0.043306392377243194,0.5753625584399606,0.022659006453679617
Tuned Random Forest,0.73375,0.037416573867739396,0.2831384699890143,0.08632123975067889,0.17803030303030304,0.03615886949249391,0.21569475270214186,0.04730007617412857,0.551977544887855,0.015215707614339994
